{
  "execPath": "/home/brasi/.platformio/packages/toolchain-atmelavr/bin/avr-g++",
  "gccDefaultCFlags": "-fsyntax-only -std=gnu11 -g -Os -Wall -ffunction-sections -fdata-sections -mmcu=atmega2560 -DF_CPU=16000000L -DPLATFORMIO=021003 -DARDUINO_ARCH_AVR -DARDUINO_AVR_MEGA2560 -DARDUINO=10608",
  "gccDefaultCppFlags": "-fsyntax-only -fno-exceptions -fno-threadsafe-statics -std=gnu++11 -g -Os -Wall -ffunction-sections -fdata-sections -mmcu=atmega2560 -DF_CPU=16000000L -DPLATFORMIO=021003 -DARDUINO_ARCH_AVR -DARDUINO_AVR_MEGA2560 -DARDUINO=10608",
  "gccErrorLimit": 15,
  "gccIncludePaths": "/home/brasi/.platformio/packages/framework-arduinoavr/variants/mega,/home/brasi/.platformio/packages/framework-arduinoavr/cores/arduino,/home/brasi/sketchbook/final_module/lib/Wire/src,/home/brasi/sketchbook/final_module/lib/Wire/src/utility,/home/brasi/.platformio/packages/framework-arduinoavr/libraries/SPI/src,/home/brasi/sketchbook/final_module/lib/Vape,/home/brasi/sketchbook/final_module/lib/Adafruit_ADS1X15_master,/home/brasi/sketchbook/final_module/lib/Arduino_PID_Library,/home/brasi/sketchbook/final_module/src,/home/brasi/sketchbook/final_module/lib/Adafruit_GFX,/home/brasi/sketchbook/final_module/lib/Adafruit_SSD1306_master,/home/brasi/.platformio/packages/framework-arduinoavr/libraries/Bridge/src,/home/brasi/.platformio/packages/framework-arduinoavr/libraries/EEPROM/src,/home/brasi/.platformio/packages/framework-arduinoavr/libraries/Esplora/src,/home/brasi/.platformio/packages/framework-arduinoavr/libraries/Ethernet/src,/home/brasi/.platformio/packages/framework-arduinoavr/libraries/Firmata,/home/brasi/.platformio/packages/framework-arduinoavr/libraries/GSM/src,/home/brasi/.platformio/packages/framework-arduinoavr/libraries/HID/src,/home/brasi/.platformio/packages/framework-arduinoavr/libraries/Keyboard/src,/home/brasi/.platformio/packages/framework-arduinoavr/libraries/LiquidCrystal/src,/home/brasi/.platformio/packages/framework-arduinoavr/libraries/Mouse/src,/home/brasi/.platformio/packages/framework-arduinoavr/libraries/RobotIRremote/src,/home/brasi/.platformio/packages/framework-arduinoavr/libraries/Robot_Control/src,/home/brasi/.platformio/packages/framework-arduinoavr/libraries/Robot_Motor/src,/home/brasi/.platformio/packages/framework-arduinoavr/libraries/SD/src,/home/brasi/.platformio/packages/framework-arduinoavr/libraries/Scheduler/src,/home/brasi/.platformio/packages/framework-arduinoavr/libraries/Servo/src,/home/brasi/.platformio/packages/framework-arduinoavr/libraries/SoftwareSerial/src,/home/brasi/.platformio/packages/framework-arduinoavr/libraries/SpacebrewYun/src,/home/brasi/.platformio/packages/framework-arduinoavr/libraries/Stepper/src,/home/brasi/.platformio/packages/framework-arduinoavr/libraries/TFT/src,/home/brasi/.platformio/packages/framework-arduinoavr/libraries/Temboo/src,/home/brasi/.platformio/packages/framework-arduinoavr/libraries/USBHost/src,/home/brasi/.platformio/packages/framework-arduinoavr/libraries/WiFi/src,/home/brasi/.platformio/packages/framework-arduinoavr/libraries/Wire/src,/home/brasi/.platformio/packages/toolchain-atmelavr/avr/include,/home/brasi/.platformio/packages/toolchain-atmelavr/lib/gcc/avr/4.8.1/include,/home/brasi/.platformio/packages/toolchain-atmelavr/lib/gcc/avr/4.8.1/include-fixed",
  "gccSuppressWarnings": false
}
